{
  "scale": 5.098241806030273,
  "gx_float": [
    [
      -0.5791460275650024,
      -0.03953966498374939,
      0.6155689358711243
    ],
    [
      -1.5683668851852417,
      0.0006942713516764343,
      1.5691684484481812
    ],
    [
      -0.6152610778808594,
      0.036641091108322144,
      0.5808194279670715
    ]
  ],
  "gy_float": [
    [
      -0.5814440846443176,
      -1.5653856992721558,
      -0.6075409054756165
    ],
    [
      -0.026970429345965385,
      -0.0001468709815526381,
      0.028949154540896416
    ],
    [
      0.605475664138794,
      1.5649967193603516,
      0.5820109248161316
    ]
  ],
  "gx_int": [
    [
      -3,
      0,
      3
    ],
    [
      -8,
      0,
      8
    ],
    [
      -3,
      0,
      3
    ]
  ],
  "gy_int": [
    [
      -3,
      -8,
      -3
    ],
    [
      0,
      0,
      0
    ],
    [
      3,
      8,
      3
    ]
  ]
}